FAMCODE,BIRTHSEQ,A1,A2,B1,B2,C1,C2,DRB11,DRB12,DQB11,DQB12
1,F,02:01,30:04,40:01,51:22,03:04,14:02,04:01,14:02,03:02,03:02
1,M,24:02,02:01,38:01,57:01,12:03,06:02,13:01,07:01,06:03,03:03
1,1,02:01,24:02,38:01,40:01,03:04,12:03,04:01,13:01,03:02,06:03
1,2,02:01,02:01,40:01,57:01,03:04,06:02,04:01,07:01,03:02,03:03
1,3,02:01,30:04,51:22,57:01,06:02,14:02,07:01,14:02,03:02,03:03
1,4,02:01,24:02,38:01,40:01,03:04,12:03,04:01,13:01,03:02,06:03
1,5,02:01,30:04,51:22,57:01,06:02,14:02,07:01,14:02,03:02,03:03
2,F,11:01,11:01,44:03,35:01,04:01,04:01,15:01,01:01,06:02,05:01
2,M,03:01,02:01,07:02,13:02,07:02,06:02,15:01,07:01,06:02,02:01
2,1,03:01,11:01,07:02,35:01,04:01,07:02,01:01,15:01,05:01,06:02
2,2,02:01,11:01,13:02,35:01,04:01,06:02,01:01,07:01,02:01,05:01
2,3,02:01,11:01,13:02,44:03,04:01,06:02,07:01,15:01,02:01,06:02
2,4,03:01,11:01,07:02,35:01,04:01,07:02,01:01,15:01,05:01,06:02
2,5,02:01,11:01,13:02,44:03,04:01,06:02,07:01,15:01,02:01,06:02
